lag_months,sample_autocovariance,sample_acf
0,6529314.302903148,1.0
1,6244159.246490613,0.9563269520835065
2,6080657.698128074,0.9312858006275504
3,6028157.036261165,0.9232450386989102
4,5965115.356275614,0.9135898625102681
5,5953432.364758579,0.9118005488128342
6,5903761.108659376,0.9041931257673367
7,5873767.260374702,0.8995994047587862
8,5762151.336748517,0.8825048189495909
9,5727762.216964461,0.8772379382039718
10,5681984.262763691,0.8702267955208243
11,5762123.515090313,0.8825005579113082
12,5955356.470269539,0.9120952360375103
13,5704920.00891933,0.8737395297975983
14,5566746.507610443,0.8525775065132466
15,5534494.834728063,0.8476379873867068
16,5478833.217821537,0.8391131080005548
17,5467036.352605129,0.8373063539266756
18,5413986.141232037,0.8291814255020317
19,5387237.111949138,0.8250846661729541
20,5285669.747348468,0.8095290718350447
21,5255595.627502083,0.8049230568002022
22,5209379.607339632,0.797844821932277
23,5270644.646472312,0.8072278959107252
24,5436446.432277863,0.8326213412426232
25,5176260.140388243,0.7927723954239279
26,5041657.680362907,0.7721572965359043
27,5011290.587029056,0.7675064110179028
28,4972683.935861552,0.7615935924007415
29,4960397.594477192,0.7597118723893618
30,4915883.949846808,0.7528943655938026
31,4897561.299192246,0.7500881519847542
32,4807460.972232446,0.736288796833519
33,4776359.108475125,0.7315253772285704
34,4740850.707260153,0.7260870724437656
35,4807369.212951641,0.7362747434005629
36,4968795.270353735,0.7609980221268328
37,4727874.5031069,0.7240996961970004
38,4600730.626732612,0.7046269199641646
39,4573355.084188152,0.7004342067213226
40,4522448.899013922,0.6926376475709083
41,4514261.502072732,0.6913837031961446
42,4470887.519706198,0.6847407418751911
43,4449569.734444711,0.6814758071098348
44,4359144.468462474,0.6676266857798918
45,4328388.351900018,0.6629162192384388
46,4294900.950122754,0.657787441510221
47,4353867.495846855,0.6668184887210871
48,4507283.970957097,0.6903150563533157
49,4271244.559195713,0.6541643365669465
50,4144633.3412911356,0.6347731398760043
51,4117215.2088436643,0.6305739037578594
52,4065402.11377086,0.6226384464235775
53,4054768.4464584542,0.6210098424356093
54,4011989.340675829,0.6144579896991582
55,3990323.574810045,0.6111397598115036
56,3899243.4282515147,0.5971903399592485
57,3868539.3457103004,0.5924878427111742
58,3834638.355481597,0.5872957216620114
59,3889079.093924947,0.5956336168708763
60,4036876.0309740948,0.6182695216830298
