date,year,month,month_name,turnover
1982-04-01,1982,4,Apr,1250.2
1982-05-01,1982,5,May,1300.0
1982-06-01,1982,6,Jun,1234.2
1982-07-01,1982,7,Jul,1265.0
1982-08-01,1982,8,Aug,1217.6
1982-09-01,1982,9,Sep,1244.9
1982-10-01,1982,10,Oct,1264.2
1982-11-01,1982,11,Nov,1372.6
1982-12-01,1982,12,Dec,1888.3
1983-01-01,1983,1,Jan,1214.5
1983-02-01,1983,2,Feb,1240.6
1983-03-01,1983,3,Mar,1375.7
1983-04-01,1983,4,Apr,1344.2
1983-05-01,1983,5,May,1379.9
1983-06-01,1983,6,Jun,1325.8
1983-07-01,1983,7,Jul,1328.1
1983-08-01,1983,8,Aug,1366.3
1983-09-01,1983,9,Sep,1370.8
1983-10-01,1983,10,Oct,1412.3
1983-11-01,1983,11,Nov,1541.6
1983-12-01,1983,12,Dec,2119.6
1984-01-01,1984,1,Jan,1299.1
1984-02-01,1984,2,Feb,1348.1
1984-03-01,1984,3,Mar,1433.6
1984-04-01,1984,4,Apr,1352.8
1984-05-01,1984,5,May,1519.4
1984-06-01,1984,6,Jun,1376.9
1984-07-01,1984,7,Jul,1421.9
1984-08-01,1984,8,Aug,1462.9
1984-09-01,1984,9,Sep,1397.5
1984-10-01,1984,10,Oct,1536.0
1984-11-01,1984,11,Nov,1640.7
1984-12-01,1984,12,Dec,2174.7
1985-01-01,1985,1,Jan,1471.3
1985-02-01,1985,2,Feb,1366.3
1985-03-01,1985,3,Mar,1488.3
1985-04-01,1985,4,Apr,1521.9
1985-05-01,1985,5,May,1716.5
1985-06-01,1985,6,Jun,1507.1
1985-07-01,1985,7,Jul,1679.4
1985-08-01,1985,8,Aug,1637.4
1985-09-01,1985,9,Sep,1577.6
1985-10-01,1985,10,Oct,1764.1
1985-11-01,1985,11,Nov,1900.0
1985-12-01,1985,12,Dec,2509.5
1986-01-01,1986,1,Jan,1684.3
1986-02-01,1986,2,Feb,1516.2
1986-03-01,1986,3,Mar,1611.5
1986-04-01,1986,4,Apr,1681.0
1986-05-01,1986,5,May,1898.1
1986-06-01,1986,6,Jun,1664.2
1986-07-01,1986,7,Jul,1814.5
1986-08-01,1986,8,Aug,1766.5
1986-09-01,1986,9,Sep,1790.7
1986-10-01,1986,10,Oct,1901.8
1986-11-01,1986,11,Nov,1943.2
1986-12-01,1986,12,Dec,2732.9
1987-01-01,1987,1,Jan,1790.4
1987-02-01,1987,2,Feb,1659.8
1987-03-01,1987,3,Mar,1762.6
1987-04-01,1987,4,Apr,1825.4
1987-05-01,1987,5,May,1926.6
1987-06-01,1987,6,Jun,1839.2
1987-07-01,1987,7,Jul,1953.9
1987-08-01,1987,8,Aug,1870.7
1987-09-01,1987,9,Sep,1923.2
1987-10-01,1987,10,Oct,2034.3
1987-11-01,1987,11,Nov,2092.9
1987-12-01,1987,12,Dec,2888.1
1988-01-01,1988,1,Jan,1924.0
1988-02-01,1988,2,Feb,1899.4
1988-03-01,1988,3,Mar,2039.8
1988-04-01,1988,4,Apr,1948.0
1988-05-01,1988,5,May,2051.2
1988-06-01,1988,6,Jun,1980.9
1988-07-01,1988,7,Jul,1985.4
1988-08-01,1988,8,Aug,1997.5
1988-09-01,1988,9,Sep,2078.8
1988-10-01,1988,10,Oct,2131.5
1988-11-01,1988,11,Nov,2352.8
1988-12-01,1988,12,Dec,3252.4
1989-01-01,1989,1,Jan,2140.0
1989-02-01,1989,2,Feb,1984.8
1989-03-01,1989,3,Mar,2247.5
1989-04-01,1989,4,Apr,2181.4
1989-05-01,1989,5,May,2314.2
1989-06-01,1989,6,Jun,2289.2
1989-07-01,1989,7,Jul,2254.4
1989-08-01,1989,8,Aug,2299.0
1989-09-01,1989,9,Sep,2363.4
1989-10-01,1989,10,Oct,2380.7
1989-11-01,1989,11,Nov,2622.7
1989-12-01,1989,12,Dec,3428.9
1990-01-01,1990,1,Jan,2305.3
1990-02-01,1990,2,Feb,2168.4
1990-03-01,1990,3,Mar,2422.6
1990-04-01,1990,4,Apr,2320.8
1990-05-01,1990,5,May,2494.2
1990-06-01,1990,6,Jun,2400.0
1990-07-01,1990,7,Jul,2352.1
1990-08-01,1990,8,Aug,2467.1
1990-09-01,1990,9,Sep,2379.4
1990-10-01,1990,10,Oct,2520.7
1990-11-01,1990,11,Nov,2677.5
1990-12-01,1990,12,Dec,3390.7
1991-01-01,1991,1,Jan,2420.6
1991-02-01,1991,2,Feb,2240.5
1991-03-01,1991,3,Mar,2456.5
1991-04-01,1991,4,Apr,2424.2
1991-05-01,1991,5,May,2607.8
1991-06-01,1991,6,Jun,2405.5
1991-07-01,1991,7,Jul,2595.4
1991-08-01,1991,8,Aug,2641.7
1991-09-01,1991,9,Sep,2522.1
1991-10-01,1991,10,Oct,2765.4
1991-11-01,1991,11,Nov,2852.5
1991-12-01,1991,12,Dec,3561.7
1992-01-01,1992,1,Jan,2628.2
1992-02-01,1992,2,Feb,2510.0
1992-03-01,1992,3,Mar,2591.3
1992-04-01,1992,4,Apr,2679.8
1992-05-01,1992,5,May,2723.2
1992-06-01,1992,6,Jun,2590.8
1992-07-01,1992,7,Jul,2694.2
1992-08-01,1992,8,Aug,2548.2
1992-09-01,1992,9,Sep,2648.4
1992-10-01,1992,10,Oct,2780.7
1992-11-01,1992,11,Nov,2812.0
1992-12-01,1992,12,Dec,3644.5
1993-01-01,1993,1,Jan,2564.7
1993-02-01,1993,2,Feb,2408.1
1993-03-01,1993,3,Mar,2607.0
1993-04-01,1993,4,Apr,2583.9
1993-05-01,1993,5,May,2681.0
1993-06-01,1993,6,Jun,2573.1
1993-07-01,1993,7,Jul,2575.9
1993-08-01,1993,8,Aug,2509.0
1993-09-01,1993,9,Sep,2652.0
1993-10-01,1993,10,Oct,2770.5
1993-11-01,1993,11,Nov,2880.9
1993-12-01,1993,12,Dec,3850.4
1994-01-01,1994,1,Jan,2703.0
1994-02-01,1994,2,Feb,2539.8
1994-03-01,1994,3,Mar,2889.5
1994-04-01,1994,4,Apr,2699.7
1994-05-01,1994,5,May,2826.5
1994-06-01,1994,6,Jun,2803.8
1994-07-01,1994,7,Jul,2814.6
1994-08-01,1994,8,Aug,2890.2
1994-09-01,1994,9,Sep,2920.5
1994-10-01,1994,10,Oct,3005.2
1994-11-01,1994,11,Nov,3121.0
1994-12-01,1994,12,Dec,4071.9
1995-01-01,1995,1,Jan,2876.8
1995-02-01,1995,2,Feb,2690.8
1995-03-01,1995,3,Mar,3001.4
1995-04-01,1995,4,Apr,2962.4
1995-05-01,1995,5,May,3064.3
1995-06-01,1995,6,Jun,2995.7
1995-07-01,1995,7,Jul,3070.5
1995-08-01,1995,8,Aug,3117.0
1995-09-01,1995,9,Sep,3128.7
1995-10-01,1995,10,Oct,3262.5
1995-11-01,1995,11,Nov,3470.8
1995-12-01,1995,12,Dec,4477.4
1996-01-01,1996,1,Jan,3243.7
1996-02-01,1996,2,Feb,3116.6
1996-03-01,1996,3,Mar,3268.7
1996-04-01,1996,4,Apr,3214.8
1996-05-01,1996,5,May,3375.1
1996-06-01,1996,6,Jun,3239.0
1996-07-01,1996,7,Jul,3349.6
1996-08-01,1996,8,Aug,3358.5
1996-09-01,1996,9,Sep,3239.6
1996-10-01,1996,10,Oct,3434.7
1996-11-01,1996,11,Nov,3534.8
1996-12-01,1996,12,Dec,4478.3
1997-01-01,1997,1,Jan,3318.8
1997-02-01,1997,2,Feb,3051.3
1997-03-01,1997,3,Mar,3293.2
1997-04-01,1997,4,Apr,3196.8
1997-05-01,1997,5,May,3440.9
1997-06-01,1997,6,Jun,3211.4
1997-07-01,1997,7,Jul,3399.7
1997-08-01,1997,8,Aug,3306.9
1997-09-01,1997,9,Sep,3344.9
1997-10-01,1997,10,Oct,3520.8
1997-11-01,1997,11,Nov,3601.5
1997-12-01,1997,12,Dec,4684.7
1998-01-01,1998,1,Jan,3491.6
1998-02-01,1998,2,Feb,3083.5
1998-03-01,1998,3,Mar,3315.2
1998-04-01,1998,4,Apr,3345.4
1998-05-01,1998,5,May,3457.8
1998-06-01,1998,6,Jun,3263.0
1998-07-01,1998,7,Jul,3476.1
1998-08-01,1998,8,Aug,3304.9
1998-09-01,1998,9,Sep,3397.4
1998-10-01,1998,10,Oct,3617.3
1998-11-01,1998,11,Nov,3603.4
1998-12-01,1998,12,Dec,4670.5
1999-01-01,1999,1,Jan,3574.8
1999-02-01,1999,2,Feb,3163.1
1999-03-01,1999,3,Mar,3499.5
1999-04-01,1999,4,Apr,3528.9
1999-05-01,1999,5,May,3605.1
1999-06-01,1999,6,Jun,3422.2
1999-07-01,1999,7,Jul,3583.1
1999-08-01,1999,8,Aug,3521.7
1999-09-01,1999,9,Sep,3661.6
1999-10-01,1999,10,Oct,3780.5
1999-11-01,1999,11,Nov,3848.4
1999-12-01,1999,12,Dec,5057.4
2000-01-01,2000,1,Jan,3581.9
2000-02-01,2000,2,Feb,3381.7
2000-03-01,2000,3,Mar,3638.8
2000-04-01,2000,4,Apr,3538.7
2000-05-01,2000,5,May,3712.8
2000-06-01,2000,6,Jun,3928.5
2000-07-01,2000,7,Jul,3528.6
2000-08-01,2000,8,Aug,3736.8
2000-09-01,2000,9,Sep,3991.7
2000-10-01,2000,10,Oct,3955.3
2000-11-01,2000,11,Nov,4034.9
2000-12-01,2000,12,Dec,5266.6
2001-01-01,2001,1,Jan,3932.9
2001-02-01,2001,2,Feb,3569.5
2001-03-01,2001,3,Mar,3999.0
2001-04-01,2001,4,Apr,3918.2
2001-05-01,2001,5,May,4087.5
2001-06-01,2001,6,Jun,3904.2
2001-07-01,2001,7,Jul,4016.7
2001-08-01,2001,8,Aug,4030.0
2001-09-01,2001,9,Sep,3984.9
2001-10-01,2001,10,Oct,4242.6
2001-11-01,2001,11,Nov,4417.4
2001-12-01,2001,12,Dec,5609.6
2002-01-01,2002,1,Jan,4244.3
2002-02-01,2002,2,Feb,3747.0
2002-03-01,2002,3,Mar,4153.2
2002-04-01,2002,4,Apr,4098.6
2002-05-01,2002,5,May,4362.7
2002-06-01,2002,6,Jun,4076.9
2002-07-01,2002,7,Jul,4264.8
2002-08-01,2002,8,Aug,4376.7
2002-09-01,2002,9,Sep,4285.1
2002-10-01,2002,10,Oct,4534.9
2002-11-01,2002,11,Nov,4753.7
2002-12-01,2002,12,Dec,5901.4
2003-01-01,2003,1,Jan,4452.1
2003-02-01,2003,2,Feb,3961.9
2003-03-01,2003,3,Mar,4349.9
2003-04-01,2003,4,Apr,4379.0
2003-05-01,2003,5,May,4529.7
2003-06-01,2003,6,Jun,4334.4
2003-07-01,2003,7,Jul,4504.0
2003-08-01,2003,8,Aug,4526.3
2003-09-01,2003,9,Sep,4613.6
2003-10-01,2003,10,Oct,4946.6
2003-11-01,2003,11,Nov,5062.9
2003-12-01,2003,12,Dec,6316.2
2004-01-01,2004,1,Jan,4791.1
2004-02-01,2004,2,Feb,4353.8
2004-03-01,2004,3,Mar,4678.1
2004-04-01,2004,4,Apr,4673.5
2004-05-01,2004,5,May,4772.0
2004-06-01,2004,6,Jun,4677.0
2004-07-01,2004,7,Jul,4831.4
2004-08-01,2004,8,Aug,4679.7
2004-09-01,2004,9,Sep,4841.5
2004-10-01,2004,10,Oct,5021.0
2004-11-01,2004,11,Nov,5144.6
2004-12-01,2004,12,Dec,6517.2
2005-01-01,2005,1,Jan,4887.2
2005-02-01,2005,2,Feb,4377.8
2005-03-01,2005,3,Mar,4825.0
2005-04-01,2005,4,Apr,4674.5
2005-05-01,2005,5,May,4765.7
2005-06-01,2005,6,Jun,4803.5
2005-07-01,2005,7,Jul,4821.7
2005-08-01,2005,8,Aug,4806.6
2005-09-01,2005,9,Sep,4896.1
2005-10-01,2005,10,Oct,5093.9
2005-11-01,2005,11,Nov,5277.6
2005-12-01,2005,12,Dec,6687.5
2006-01-01,2006,1,Jan,4979.4
2006-02-01,2006,2,Feb,4496.9
2006-03-01,2006,3,Mar,5003.8
2006-04-01,2006,4,Apr,4953.0
2006-05-01,2006,5,May,5036.8
2006-06-01,2006,6,Jun,5044.5
2006-07-01,2006,7,Jul,5081.7
2006-08-01,2006,8,Aug,5081.5
2006-09-01,2006,9,Sep,5118.6
2006-10-01,2006,10,Oct,5352.2
2006-11-01,2006,11,Nov,5573.7
2006-12-01,2006,12,Dec,7014.5
2007-01-01,2007,1,Jan,5293.0
2007-02-01,2007,2,Feb,4791.5
2007-03-01,2007,3,Mar,5408.0
2007-04-01,2007,4,Apr,5187.5
2007-05-01,2007,5,May,5316.4
2007-06-01,2007,6,Jun,5321.7
2007-07-01,2007,7,Jul,5428.0
2007-08-01,2007,8,Aug,5538.0
2007-09-01,2007,9,Sep,5537.3
2007-10-01,2007,10,Oct,5784.4
2007-11-01,2007,11,Nov,6027.4
2007-12-01,2007,12,Dec,7552.0
2008-01-01,2008,1,Jan,5666.2
2008-02-01,2008,2,Feb,5216.4
2008-03-01,2008,3,Mar,5513.5
2008-04-01,2008,4,Apr,5416.9
2008-05-01,2008,5,May,5588.5
2008-06-01,2008,6,Jun,5376.1
2008-07-01,2008,7,Jul,5498.5
2008-08-01,2008,8,Aug,5446.9
2008-09-01,2008,9,Sep,5371.9
2008-10-01,2008,10,Oct,5763.7
2008-11-01,2008,11,Nov,5945.4
2008-12-01,2008,12,Dec,7733.9
2009-01-01,2009,1,Jan,5990.9
2009-02-01,2009,2,Feb,5189.9
2009-03-01,2009,3,Mar,5751.0
2009-04-01,2009,4,Apr,5795.8
2009-05-01,2009,5,May,5943.7
2009-06-01,2009,6,Jun,5799.4
2009-07-01,2009,7,Jul,5884.7
2009-08-01,2009,8,Aug,5861.6
2009-09-01,2009,9,Sep,5852.2
2009-10-01,2009,10,Oct,6315.2
2009-11-01,2009,11,Nov,6603.4
2009-12-01,2009,12,Dec,8259.6
2010-01-01,2010,1,Jan,6229.9
2010-02-01,2010,2,Feb,5389.3
2010-03-01,2010,3,Mar,6038.6
2010-04-01,2010,4,Apr,5846.5
2010-05-01,2010,5,May,6087.5
2010-06-01,2010,6,Jun,6005.4
2010-07-01,2010,7,Jul,6215.9
2010-08-01,2010,8,Aug,6144.2
2010-09-01,2010,9,Sep,6174.6
2010-10-01,2010,10,Oct,6333.6
2010-11-01,2010,11,Nov,6621.3
2010-12-01,2010,12,Dec,8387.7
2011-01-01,2011,1,Jan,6343.8
2011-02-01,2011,2,Feb,5614.9
2011-03-01,2011,3,Mar,6136.0
2011-04-01,2011,4,Apr,6053.8
2011-05-01,2011,5,May,6038.9
2011-06-01,2011,6,Jun,5971.9
2011-07-01,2011,7,Jul,6161.2
2011-08-01,2011,8,Aug,6175.6
2011-09-01,2011,9,Sep,6255.1
2011-10-01,2011,10,Oct,6482.9
2011-11-01,2011,11,Nov,6781.2
2011-12-01,2011,12,Dec,8558.2
2012-01-01,2012,1,Jan,6317.7
2012-02-01,2012,2,Feb,5764.9
2012-03-01,2012,3,Mar,6271.1
2012-04-01,2012,4,Apr,6116.0
2012-05-01,2012,5,May,6350.6
2012-06-01,2012,6,Jun,6353.2
2012-07-01,2012,7,Jul,6337.6
2012-08-01,2012,8,Aug,6444.8
2012-09-01,2012,9,Sep,6434.3
2012-10-01,2012,10,Oct,6664.3
2012-11-01,2012,11,Nov,7003.2
2012-12-01,2012,12,Dec,8598.7
2013-01-01,2013,1,Jan,6647.5
2013-02-01,2013,2,Feb,5927.2
2013-03-01,2013,3,Mar,6531.4
2013-04-01,2013,4,Apr,6340.0
2013-05-01,2013,5,May,6542.1
2013-06-01,2013,6,Jun,6413.3
2013-07-01,2013,7,Jul,6480.5
2013-08-01,2013,8,Aug,6675.2
2013-09-01,2013,9,Sep,6604.1
2013-10-01,2013,10,Oct,7028.2
2013-11-01,2013,11,Nov,7393.5
2013-12-01,2013,12,Dec,9189.0
2014-01-01,2014,1,Jan,7237.4
2014-02-01,2014,2,Feb,6355.1
2014-03-01,2014,3,Mar,7045.2
2014-04-01,2014,4,Apr,6914.8
2014-05-01,2014,5,May,7078.5
2014-06-01,2014,6,Jun,6932.2
2014-07-01,2014,7,Jul,7178.3
2014-08-01,2014,8,Aug,7135.1
2014-09-01,2014,9,Sep,7330.2
2014-10-01,2014,10,Oct,7759.8
2014-11-01,2014,11,Nov,8020.7
2014-12-01,2014,12,Dec,9825.4
2015-01-01,2015,1,Jan,7663.1
2015-02-01,2015,2,Feb,6730.3
2015-03-01,2015,3,Mar,7455.4
2015-04-01,2015,4,Apr,7250.0
2015-05-01,2015,5,May,7476.0
2015-06-01,2015,6,Jun,7436.6
2015-07-01,2015,7,Jul,7575.9
2015-08-01,2015,8,Aug,7542.5
2015-09-01,2015,9,Sep,7664.8
2015-10-01,2015,10,Oct,8168.2
2015-11-01,2015,11,Nov,8351.7
2015-12-01,2015,12,Dec,10383.7
2016-01-01,2016,1,Jan,7997.5
2016-02-01,2016,2,Feb,7301.0
2016-03-01,2016,3,Mar,7847.1
2016-04-01,2016,4,Apr,7703.5
2016-05-01,2016,5,May,7796.0
2016-06-01,2016,6,Jun,7756.2
2016-07-01,2016,7,Jul,7792.0
2016-08-01,2016,8,Aug,7805.4
2016-09-01,2016,9,Sep,8043.8
2016-10-01,2016,10,Oct,8383.1
2016-11-01,2016,11,Nov,8744.0
2016-12-01,2016,12,Dec,10783.1
2017-01-01,2017,1,Jan,8199.0
2017-02-01,2017,2,Feb,7298.9
2017-03-01,2017,3,Mar,8085.8
2017-04-01,2017,4,Apr,7883.7
2017-05-01,2017,5,May,8132.0
2017-06-01,2017,6,Jun,8130.1
2017-07-01,2017,7,Jul,8061.9
2017-08-01,2017,8,Aug,8090.2
2017-09-01,2017,9,Sep,8205.9
2017-10-01,2017,10,Oct,8556.0
2017-11-01,2017,11,Nov,9036.0
2017-12-01,2017,12,Dec,10960.7
2018-01-01,2018,1,Jan,8365.6
2018-02-01,2018,2,Feb,7527.1
2018-03-01,2018,3,Mar,8436.2
2018-04-01,2018,4,Apr,8041.3
2018-05-01,2018,5,May,8438.3
2018-06-01,2018,6,Jun,8354.4
2018-07-01,2018,7,Jul,8304.6
2018-08-01,2018,8,Aug,8474.8
2018-09-01,2018,9,Sep,8387.7
2018-10-01,2018,10,Oct,8747.3
2018-11-01,2018,11,Nov,9245.0
2018-12-01,2018,12,Dec,11085.5
2019-01-01,2019,1,Jan,8651.0
2019-02-01,2019,2,Feb,7717.4
2019-03-01,2019,3,Mar,8496.4
2019-04-01,2019,4,Apr,8247.9
2019-05-01,2019,5,May,8503.7
2019-06-01,2019,6,Jun,8371.3
2019-07-01,2019,7,Jul,8349.8
2019-08-01,2019,8,Aug,8542.8
2019-09-01,2019,9,Sep,8451.1
2019-10-01,2019,10,Oct,8930.2
2019-11-01,2019,11,Nov,9424.2
2019-12-01,2019,12,Dec,11156.1
2020-01-01,2020,1,Jan,8630.8
2020-02-01,2020,2,Feb,7946.2
2020-03-01,2020,3,Mar,9057.6
2020-04-01,2020,4,Apr,7349.1
2020-05-01,2020,5,May,8787.1
2020-06-01,2020,6,Jun,8968.6
2020-07-01,2020,7,Jul,9536.2
2020-08-01,2020,8,Aug,9278.4
2020-09-01,2020,9,Sep,9336.0
2020-10-01,2020,10,Oct,9910.5
2020-11-01,2020,11,Nov,10448.2
2020-12-01,2020,12,Dec,12160.5
2021-01-01,2021,1,Jan,9397.7
2021-02-01,2021,2,Feb,8477.6
2021-03-01,2021,3,Mar,9470.1
2021-04-01,2021,4,Apr,9256.2
2021-05-01,2021,5,May,9611.1
2021-06-01,2021,6,Jun,9342.8
2021-07-01,2021,7,Jul,8555.7
2021-08-01,2021,8,Aug,8215.9
2021-09-01,2021,9,Sep,8539.9
2021-10-01,2021,10,Oct,10085.3
2021-11-01,2021,11,Nov,11046.7
2021-12-01,2021,12,Dec,12782.9
2022-01-01,2022,1,Jan,9867.6
2022-02-01,2022,2,Feb,9201.0
2022-03-01,2022,3,Mar,10333.2
2022-04-01,2022,4,Apr,10172.1
2022-05-01,2022,5,May,10551.2
2022-06-01,2022,6,Jun,10410.9
2022-07-01,2022,7,Jul,10533.1
