distribution,replicate,t,value
normal,1,1,-1.4542509952765852
normal,1,2,1.1419069336382717
normal,1,3,-0.8322144721697103
normal,1,4,1.1798735338591262
normal,1,5,-0.28536681282464477
normal,1,6,0.04416886055157977
normal,1,7,-0.6221481396977239
normal,1,8,0.9336252362048097
normal,1,9,-1.0984517643428424
normal,1,10,-0.6286632761556908
normal,1,11,0.05607905370391855
normal,1,12,0.838376755390444
normal,1,13,-0.6250494267827039
normal,1,14,0.35085418479222974
normal,1,15,-0.8072524124132933
normal,1,16,2.13016718016214
normal,1,17,-0.46512258992542455
normal,1,18,-1.7913539340689257
normal,1,19,2.11679422760358
normal,1,20,-0.17192431573689737
normal,1,21,0.23863763069854624
normal,1,22,0.05016369155157696
normal,1,23,2.147034550770401
normal,1,24,-0.33210853040502863
normal,1,25,-1.4840629737517537
normal,1,26,0.47726718810480134
normal,1,27,0.9830737194296602
normal,1,28,-0.3995969491104241
normal,1,29,1.2493333004514513
normal,1,30,-0.721755313722812
normal,1,31,-1.2800596534161113
normal,1,32,-0.320651819171624
normal,1,33,-0.32304143883140124
normal,1,34,-2.0410687030291204
normal,1,35,-0.41685124917655
normal,1,36,-0.7514377941246493
normal,1,37,-0.32179368386948126
normal,1,38,-0.8267133477071615
normal,1,39,-0.26011441044200967
normal,1,40,-0.40524477524307945
normal,1,41,-0.9832293527891982
normal,1,42,-0.9481937971802004
normal,1,43,0.5879048375592382
normal,1,44,-0.11291809079726686
normal,1,45,-0.44253797701724823
normal,1,46,-0.22764531654447576
normal,1,47,0.9100294772502907
normal,1,48,0.3567260936703613
normal,2,1,-0.009160585963526636
normal,2,2,0.26078746187002716
normal,2,3,0.1300884158969673
normal,2,4,-0.06739060789514113
normal,2,5,-1.3320940153677219
normal,2,6,0.8513216534268855
normal,2,7,-0.23768284068862297
normal,2,8,-0.09984781859565876
normal,2,9,0.7497190653770515
normal,2,10,-1.2614090322761917
normal,2,11,1.3204953021224886
normal,2,12,-2.13793703716621
normal,2,13,-0.9240726230845044
normal,2,14,0.1203294051887197
normal,2,15,0.810833386724194
normal,2,16,0.0032089679530976456
normal,2,17,1.230877000043463
normal,2,18,-0.398598984486275
normal,2,19,-0.5226063150383734
normal,2,20,-1.6748151544852468
normal,2,21,-0.6646093509590011
normal,2,22,0.5426968254065718
normal,2,23,2.2412555207699603
normal,2,24,0.2950715835240391
normal,2,25,0.07464099866695764
normal,2,26,-0.21622488203135387
normal,2,27,-0.7483062035868457
normal,2,28,2.230660611736988
normal,2,29,0.02734638348385521
normal,2,30,1.4008369679656547
normal,2,31,-2.3534656197313812
normal,2,32,2.016197465844537
normal,2,33,0.5743468240652184
normal,2,34,-0.3079750676863878
normal,2,35,-0.692871425745041
normal,2,36,-0.8050888770813357
normal,2,37,-1.021842446802934
normal,2,38,-0.886595097104122
normal,2,39,-0.22765306282082703
normal,2,40,1.0197531620031017
normal,2,41,0.4068947496430875
normal,2,42,0.853475150535295
normal,2,43,-0.2643977689368779
normal,2,44,0.41730194382795627
normal,2,45,-1.1551334273093763
normal,2,46,-0.4440577901194132
normal,2,47,-0.6447359386112707
normal,2,48,1.0456788615171704
normal,3,1,0.5583688230363423
normal,3,2,-0.38420871360859726
normal,3,3,1.204662866252748
normal,3,4,1.8171692912870292
normal,3,5,0.6266706505743792
normal,3,6,-1.483539645085856
normal,3,7,-2.586753439167688
normal,3,8,2.5251964103068274
normal,3,9,1.3680719872047502
normal,3,10,-1.1132483762277283
normal,3,11,-0.028559778685997878
normal,3,12,-0.611776735445232
normal,3,13,0.22067015969450351
normal,3,14,0.11140286254829147
normal,3,15,-1.1324225472456724
normal,3,16,-1.154246047969505
normal,3,17,0.7794407964250336
normal,3,18,1.154144452235618
normal,3,19,0.6242608167335627
normal,3,20,-0.10900619182068397
normal,3,21,-0.040176329347448296
normal,3,22,-0.7248511202166389
normal,3,23,1.022580854994953
normal,3,24,0.8239154371773246
normal,3,25,0.02866589504883962
normal,3,26,1.5075974266003154
normal,3,27,0.0797201963344783
normal,3,28,0.3116638025184343
normal,3,29,-0.32806471020409106
normal,3,30,0.1147431835298354
normal,3,31,-1.0721081616846826
normal,3,32,-0.10677177988336573
normal,3,33,1.5977455655925943
normal,3,34,-0.5787061905089854
normal,3,35,-1.5281633432913333
normal,3,36,0.42933242296416524
normal,3,37,-0.43020505045793495
normal,3,38,-0.7528489004243493
normal,3,39,-0.5685374783491898
normal,3,40,-1.5215263062078879
normal,3,41,0.7175532179007506
normal,3,42,-1.313753614495021
normal,3,43,-0.368295979210683
normal,3,44,0.6635843334878644
normal,3,45,-0.5131796350120136
normal,3,46,-0.9028538499901222
normal,3,47,-0.13010923977340402
normal,3,48,-0.3138654924734255
normal,4,1,-0.5440637832933964
normal,4,2,1.3936255734502816
normal,4,3,1.4646159054343966
normal,4,4,-1.4782446994642395
normal,4,5,1.1332118396549398
normal,4,6,-1.902545033231582
normal,4,7,-1.570292597413742
normal,4,8,-0.8277687051000466
normal,4,9,-0.9133795150285301
normal,4,10,0.7542839718011515
normal,4,11,0.9952406876810307
normal,4,12,-0.1223141255335487
normal,4,13,1.0996847638914444
normal,4,14,-0.1994527984677532
normal,4,15,-1.1706126319171728
normal,4,16,1.6145068259087898
normal,4,17,0.36827698086914357
normal,4,18,-0.9794072871307945
normal,4,19,1.4853301418962146
normal,4,20,2.013828474610376
normal,4,21,0.8711571742076339
normal,4,22,0.5407569095102425
normal,4,23,1.1002916295788232
normal,4,24,0.4200488474729617
normal,4,25,0.9603833592350552
normal,4,26,0.40351391698924804
normal,4,27,-1.5829631342020314
normal,4,28,2.357418226528924
normal,4,29,0.46372622987630907
normal,4,30,-0.3792634251167225
normal,4,31,0.005672746010842305
normal,4,32,-0.47505429900292107
normal,4,33,-0.19701534107949137
normal,4,34,-0.8551594359539575
normal,4,35,-0.2715875707966729
normal,4,36,0.3408007022927348
normal,4,37,0.7352200770970904
normal,4,38,-0.6582097170349913
normal,4,39,-1.4112692612254802
normal,4,40,1.5339300787012313
normal,4,41,1.618963366274408
normal,4,42,-1.8501910729546382
normal,4,43,0.6496948223527517
normal,4,44,0.0027473009011809994
normal,4,45,-0.5298845659551584
normal,4,46,1.8226054147282442
normal,4,47,0.19451869594675067
normal,4,48,1.2269885633265958
chi_square_df2,1,1,3.5694230617858937
chi_square_df2,1,2,1.6764997669196675
chi_square_df2,1,3,0.7882169568229852
chi_square_df2,1,4,0.3003083057517437
chi_square_df2,1,5,2.545425058993627
chi_square_df2,1,6,0.32285268438259646
chi_square_df2,1,7,1.174016652309462
chi_square_df2,1,8,2.1883669894312185
chi_square_df2,1,9,6.421073377537813
chi_square_df2,1,10,3.1498999072300737
chi_square_df2,1,11,2.4354001337844964
chi_square_df2,1,12,9.858521303233791
chi_square_df2,1,13,0.32436099912444444
chi_square_df2,1,14,1.2375154999492812
chi_square_df2,1,15,0.18560190263296206
chi_square_df2,1,16,1.7496852174701072
chi_square_df2,1,17,4.877068926563438
chi_square_df2,1,18,1.3509537090375787
chi_square_df2,1,19,0.36493652093863777
chi_square_df2,1,20,0.007066946922758678
chi_square_df2,1,21,1.0687120372306738
chi_square_df2,1,22,2.0176511940705906
chi_square_df2,1,23,4.732708640502159
chi_square_df2,1,24,5.473825767806638
chi_square_df2,1,25,1.2189235767488478
chi_square_df2,1,26,1.7738897233469133
chi_square_df2,1,27,3.800179959162531
chi_square_df2,1,28,3.7872867825389553
chi_square_df2,1,29,0.5299650435161862
chi_square_df2,1,30,0.29254671711218905
chi_square_df2,1,31,3.3722015504379765
chi_square_df2,1,32,7.376845410394435
chi_square_df2,1,33,2.286755273140177
chi_square_df2,1,34,1.7618413625695906
chi_square_df2,1,35,0.052017652629379615
chi_square_df2,1,36,0.2569316298882633
chi_square_df2,1,37,0.23490729658840476
chi_square_df2,1,38,2.473746634969553
chi_square_df2,1,39,0.5074679587519743
chi_square_df2,1,40,4.783459337472949
chi_square_df2,1,41,1.0755760768249307
chi_square_df2,1,42,0.09664743478723646
chi_square_df2,1,43,0.2911949015996065
chi_square_df2,1,44,0.23856957334729495
chi_square_df2,1,45,0.789899029433454
chi_square_df2,1,46,0.2263999678705483
chi_square_df2,1,47,0.512057549595087
chi_square_df2,1,48,8.64989781476172
chi_square_df2,2,1,3.3197865982792996
chi_square_df2,2,2,0.3707916772848729
chi_square_df2,2,3,0.5580484988265261
chi_square_df2,2,4,1.2031696623253842
chi_square_df2,2,5,1.5328294617872362
chi_square_df2,2,6,2.765046636732804
chi_square_df2,2,7,3.0648520600662015
chi_square_df2,2,8,2.917228065831799
chi_square_df2,2,9,0.061709253612145
chi_square_df2,2,10,1.982654154509771
chi_square_df2,2,11,1.3441959174560816
chi_square_df2,2,12,1.9731746015536853
chi_square_df2,2,13,5.7477332463688455
chi_square_df2,2,14,4.379666549264077
chi_square_df2,2,15,1.4363201053513197
chi_square_df2,2,16,1.7848686939659442
chi_square_df2,2,17,2.8109472826102784
chi_square_df2,2,18,3.4962430958904607
chi_square_df2,2,19,0.17494860532393655
chi_square_df2,2,20,1.0104516106861166
chi_square_df2,2,21,2.3036357948996424
chi_square_df2,2,22,1.133363137948207
chi_square_df2,2,23,6.91153210034697
chi_square_df2,2,24,4.623519760869441
chi_square_df2,2,25,0.05115279643435036
chi_square_df2,2,26,0.8260673814242495
chi_square_df2,2,27,0.2313230943652417
chi_square_df2,2,28,1.5486679457557757
chi_square_df2,2,29,1.2449398965761875
chi_square_df2,2,30,1.1532601276969143
chi_square_df2,2,31,2.334851947558882
chi_square_df2,2,32,2.847885932417545
chi_square_df2,2,33,3.71366114836658
chi_square_df2,2,34,2.0362251859847804
chi_square_df2,2,35,1.0936508413461532
chi_square_df2,2,36,1.6503377652119926
chi_square_df2,2,37,0.7709786414793789
chi_square_df2,2,38,0.43278525584777994
chi_square_df2,2,39,0.7612908530072042
chi_square_df2,2,40,1.1226428576866583
chi_square_df2,2,41,2.345371883798269
chi_square_df2,2,42,0.37500414996825787
chi_square_df2,2,43,5.536319089929606
chi_square_df2,2,44,5.257414845490446
chi_square_df2,2,45,3.283241638716657
chi_square_df2,2,46,1.8426720549606628
chi_square_df2,2,47,0.48699986638790016
chi_square_df2,2,48,1.0125027260838615
chi_square_df2,3,1,2.7758060429577074
chi_square_df2,3,2,5.28477490082944
chi_square_df2,3,3,3.714731115087673
chi_square_df2,3,4,2.0780228022388
chi_square_df2,3,5,1.6032722083528803
chi_square_df2,3,6,4.996845206677472
chi_square_df2,3,7,2.000026196410563
chi_square_df2,3,8,0.5921467678470914
chi_square_df2,3,9,0.479975872527957
chi_square_df2,3,10,3.540304017740891
chi_square_df2,3,11,0.7606612102565891
chi_square_df2,3,12,2.1234704339038055
chi_square_df2,3,13,1.8783103858525498
chi_square_df2,3,14,1.4080524766748568
chi_square_df2,3,15,2.0622979006833697
chi_square_df2,3,16,2.501042950389866
chi_square_df2,3,17,0.5593505499703031
chi_square_df2,3,18,0.6675870480899292
chi_square_df2,3,19,0.8366463642136566
chi_square_df2,3,20,2.5674949793598856
chi_square_df2,3,21,0.32270021517004543
chi_square_df2,3,22,0.6508707263641867
chi_square_df2,3,23,0.4871072555655103
chi_square_df2,3,24,2.6477887780228113
chi_square_df2,3,25,1.7370676139863224
chi_square_df2,3,26,3.0085759362082216
chi_square_df2,3,27,3.746774988332904
chi_square_df2,3,28,0.7814548594027518
chi_square_df2,3,29,2.138983571023491
chi_square_df2,3,30,1.456173879089373
chi_square_df2,3,31,1.7192937321697737
chi_square_df2,3,32,3.6640409411116335
chi_square_df2,3,33,4.708245088699708
chi_square_df2,3,34,1.134016818895239
chi_square_df2,3,35,5.291256934889282
chi_square_df2,3,36,1.5738597962203587
chi_square_df2,3,37,0.5405125534814271
chi_square_df2,3,38,0.5957523545520275
chi_square_df2,3,39,1.9364198316289654
chi_square_df2,3,40,2.197441200700557
chi_square_df2,3,41,1.1875674374116707
chi_square_df2,3,42,5.411435261076886
chi_square_df2,3,43,1.7984906361870434
chi_square_df2,3,44,1.9549989727946335
chi_square_df2,3,45,1.580379653835984
chi_square_df2,3,46,0.7726152971078987
chi_square_df2,3,47,4.015221736810465
chi_square_df2,3,48,1.8790314028063178
chi_square_df2,4,1,2.175440767052682
chi_square_df2,4,2,5.008491305339394
chi_square_df2,4,3,3.422404975939629
chi_square_df2,4,4,0.6913731354935351
chi_square_df2,4,5,5.742815707015522
chi_square_df2,4,6,0.6815839071793749
chi_square_df2,4,7,0.21364482095374313
chi_square_df2,4,8,2.0094957780300144
chi_square_df2,4,9,2.6658950281498917
chi_square_df2,4,10,2.516639908286479
chi_square_df2,4,11,0.35010138064705193
chi_square_df2,4,12,2.47041977144162
chi_square_df2,4,13,1.4959136600447318
chi_square_df2,4,14,0.7901008239601905
chi_square_df2,4,15,0.5085169002832252
chi_square_df2,4,16,5.726816157971528
chi_square_df2,4,17,3.7320075831082913
chi_square_df2,4,18,3.256228763143064
chi_square_df2,4,19,2.0097800882953534
chi_square_df2,4,20,0.20045313967997333
chi_square_df2,4,21,0.20068942045615898
chi_square_df2,4,22,0.9702389507917765
chi_square_df2,4,23,0.558230533275723
chi_square_df2,4,24,0.08459753534505551
chi_square_df2,4,25,1.7288949640376727
chi_square_df2,4,26,2.8122015666188696
chi_square_df2,4,27,0.7364287593532447
chi_square_df2,4,28,0.9289958736304494
chi_square_df2,4,29,2.2858481433066715
chi_square_df2,4,30,0.1963235913588054
chi_square_df2,4,31,3.051615547053605
chi_square_df2,4,32,0.707635688180229
chi_square_df2,4,33,1.3324780901449553
chi_square_df2,4,34,3.314838582941731
chi_square_df2,4,35,4.3403509088005245
chi_square_df2,4,36,1.3721560314905041
chi_square_df2,4,37,0.7509872336480052
chi_square_df2,4,38,3.400126270634904
chi_square_df2,4,39,0.5201383267610622
chi_square_df2,4,40,1.7124532145683824
chi_square_df2,4,41,2.0334252013470766
chi_square_df2,4,42,1.1563120343454873
chi_square_df2,4,43,0.9836207975830885
chi_square_df2,4,44,0.03565068222247517
chi_square_df2,4,45,7.232043761665076
chi_square_df2,4,46,1.1245335838364892
chi_square_df2,4,47,1.1760554319224008
chi_square_df2,4,48,0.7143615024672866
t_df5,1,1,0.2966856528140181
t_df5,1,2,0.9428901472905682
t_df5,1,3,-0.16060939945231484
t_df5,1,4,0.007547293145021337
t_df5,1,5,-1.8279817816325046
t_df5,1,6,0.24798307723442645
t_df5,1,7,0.378689919306804
t_df5,1,8,2.669876085024655
t_df5,1,9,0.7061266034596785
t_df5,1,10,-0.05843147073884771
t_df5,1,11,-2.4768537991938935
t_df5,1,12,0.021403478212435184
t_df5,1,13,-2.35545073833232
t_df5,1,14,3.1504200933148567
t_df5,1,15,-1.5863526939995223
t_df5,1,16,-1.272932162423053
t_df5,1,17,0.5771517316426833
t_df5,1,18,-0.10085723676817322
t_df5,1,19,-0.44091960631332705
t_df5,1,20,0.05464567738147598
t_df5,1,21,-1.4436029094758547
t_df5,1,22,-1.5746732168289277
t_df5,1,23,-0.2628128235052509
t_df5,1,24,0.0941036711446942
t_df5,1,25,-0.3187717239689889
t_df5,1,26,-2.286872608819993
t_df5,1,27,-0.5679510771788733
t_df5,1,28,-0.7352365459564133
t_df5,1,29,-0.9525716525043373
t_df5,1,30,0.8006541398819069
t_df5,1,31,2.527395320167021
t_df5,1,32,-1.1995541433532475
t_df5,1,33,-1.5475565155971984
t_df5,1,34,0.15528457439369162
t_df5,1,35,0.41232913594330306
t_df5,1,36,-1.0724936361697404
t_df5,1,37,0.2084390183327906
t_df5,1,38,-0.029378956371697473
t_df5,1,39,1.28190590616742
t_df5,1,40,0.8330356863789705
t_df5,1,41,2.0673138489496408
t_df5,1,42,-0.8237749571222688
t_df5,1,43,0.38806887398597983
t_df5,1,44,-0.11882146446479691
t_df5,1,45,-1.0673198897320337
t_df5,1,46,1.1335952462984547
t_df5,1,47,2.0849385712322586
t_df5,1,48,0.14608715173275325
t_df5,2,1,-1.2343335104297133
t_df5,2,2,-1.1037768297057806
t_df5,2,3,-0.09404103014466511
t_df5,2,4,0.8561326931049844
t_df5,2,5,2.488410353847624
t_df5,2,6,1.1653042874263393
t_df5,2,7,-0.1258807018209402
t_df5,2,8,0.045754468259611214
t_df5,2,9,1.1809469917490143
t_df5,2,10,0.5078026373875195
t_df5,2,11,0.19751348332253252
t_df5,2,12,-1.0399872214420454
t_df5,2,13,-0.28935106322223425
t_df5,2,14,0.7759624382736544
t_df5,2,15,1.2463339640013698
t_df5,2,16,-1.4634587317034047
t_df5,2,17,1.0475190894321211
t_df5,2,18,-0.587090804495328
t_df5,2,19,-0.18402644657544404
t_df5,2,20,0.07711492104708785
t_df5,2,21,-1.5747979068290248
t_df5,2,22,-0.40444703709809676
t_df5,2,23,0.2965693858936312
t_df5,2,24,-0.5377290437148589
t_df5,2,25,5.54100890701939
t_df5,2,26,1.2605063172847357
t_df5,2,27,0.622110204289575
t_df5,2,28,-3.548155118032217
t_df5,2,29,-0.4061661385604884
t_df5,2,30,1.6940237384108403
t_df5,2,31,0.3337612296720314
t_df5,2,32,1.246108037818943
t_df5,2,33,-2.1168945801832115
t_df5,2,34,-0.42034792005558025
t_df5,2,35,0.22159541709942082
t_df5,2,36,-0.6708077921660096
t_df5,2,37,-0.3518667803886874
t_df5,2,38,0.6652697908849303
t_df5,2,39,0.12977821976935178
t_df5,2,40,0.8041966153706354
t_df5,2,41,2.6082961057884786
t_df5,2,42,0.4170699091546841
t_df5,2,43,0.9688418189802006
t_df5,2,44,-2.142260524634704
t_df5,2,45,-1.3421972974584555
t_df5,2,46,0.6089046281761384
t_df5,2,47,-0.6809688634262938
t_df5,2,48,-0.0925519259058605
t_df5,3,1,-0.5837283292490156
t_df5,3,2,-0.03880184513504541
t_df5,3,3,-1.7810841537301332
t_df5,3,4,-0.5324852725539359
t_df5,3,5,-0.527090758472547
t_df5,3,6,-0.7433174429057812
t_df5,3,7,0.18009931772311916
t_df5,3,8,0.09714343186989968
t_df5,3,9,0.8121551350860746
t_df5,3,10,-1.2913278421111585
t_df5,3,11,-0.36501985196454667
t_df5,3,12,0.9946062001299353
t_df5,3,13,0.4574847695168677
t_df5,3,14,-0.18595884279500033
t_df5,3,15,1.0072800442065208
t_df5,3,16,0.020693171375277444
t_df5,3,17,0.8384182117001885
t_df5,3,18,-1.3673680251203337
t_df5,3,19,-2.508011498919708
t_df5,3,20,-3.4814187314294776
t_df5,3,21,-1.3871258992120765
t_df5,3,22,1.1560452553598144
t_df5,3,23,1.6072644892398158
t_df5,3,24,0.26334467510946497
t_df5,3,25,-0.1175512429852894
t_df5,3,26,-1.1006948984143943
t_df5,3,27,-0.8419691725787417
t_df5,3,28,7.338123408925794
t_df5,3,29,1.3784392374165464
t_df5,3,30,0.28050137005186226
t_df5,3,31,0.13111480575498927
t_df5,3,32,-0.6201820318259118
t_df5,3,33,0.3350126739553891
t_df5,3,34,0.926062955471209
t_df5,3,35,0.003096970302778806
t_df5,3,36,-0.4145353493908483
t_df5,3,37,-0.06642250734220476
t_df5,3,38,-0.5382106595856343
t_df5,3,39,-0.41520109924716847
t_df5,3,40,-1.4847562033809898
t_df5,3,41,0.8048778631580342
t_df5,3,42,0.47238033869475476
t_df5,3,43,-0.14465972476440844
t_df5,3,44,0.4418369715933026
t_df5,3,45,1.3664260147968523
t_df5,3,46,-0.017532239719638368
t_df5,3,47,-0.2698457913212366
t_df5,3,48,-0.07449199504224173
t_df5,4,1,-2.264902998636808
t_df5,4,2,-0.3433315114372644
t_df5,4,3,-2.075534354140117
t_df5,4,4,1.1956872655691047
t_df5,4,5,-0.6322982054876308
t_df5,4,6,-0.7212879300278685
t_df5,4,7,0.9502005285458439
t_df5,4,8,0.42770236440433673
t_df5,4,9,0.11848055558977023
t_df5,4,10,-0.4314577903028181
t_df5,4,11,0.18985202629712436
t_df5,4,12,-1.3455368987328482
t_df5,4,13,1.092489055446667
t_df5,4,14,1.612112804854813
t_df5,4,15,-0.7758207156165622
t_df5,4,16,-0.15528543811522877
t_df5,4,17,-0.07465675953725491
t_df5,4,18,-0.2554918271366508
t_df5,4,19,1.0518469606922156
t_df5,4,20,0.36747421879758807
t_df5,4,21,0.9091262340931608
t_df5,4,22,-0.5995521059513778
t_df5,4,23,0.07526790950699985
t_df5,4,24,-0.315507803843041
t_df5,4,25,0.8557176501368006
t_df5,4,26,0.598846231969183
t_df5,4,27,0.6642008750547689
t_df5,4,28,-0.1409828461659929
t_df5,4,29,-0.364867006673346
t_df5,4,30,-0.29788602736190956
t_df5,4,31,-0.8892803868913085
t_df5,4,32,-1.897511458808281
t_df5,4,33,0.7668035457236828
t_df5,4,34,-0.6559310260663226
t_df5,4,35,1.6979213416470427
t_df5,4,36,-0.7012510908871873
t_df5,4,37,-0.36563868545460065
t_df5,4,38,-0.333167600739819
t_df5,4,39,2.175351969882455
t_df5,4,40,-0.3365783224567787
t_df5,4,41,1.3778679317225768
t_df5,4,42,-1.2518120618495732
t_df5,4,43,-2.205708320609514
t_df5,4,44,-0.40312598347220413
t_df5,4,45,-1.092120313347765
t_df5,4,46,-0.5436321039581943
t_df5,4,47,-3.2860056942655342
t_df5,4,48,2.0135431890161506
